{"type":"footer","name":"t:sections.footer-group.name","sections":{"footer-promotions":{"type":"footer-promotions","disabled":true,"blocks":{"footer-promotions-0":{"type":"promotion","disabled":true,"settings":{"enable_image":true,"image_mask":"none","title":"Site-wide promotion","text":"<p>Use this section to promote content throughout every page of your site. Add images for further impact.<\/p>","button_label":"Optional button","button_link":""}},"footer-promotions-1":{"type":"promotion","disabled":true,"settings":{"enable_image":true,"image_mask":"none","title":"Site-wide promotion","text":"<p>Use this section to promote content throughout every page of your site. Add images for further impact.<\/p>","button_label":"Optional button","button_link":""}},"footer-promotions-2":{"type":"promotion","disabled":true,"settings":{"enable_image":true,"image_mask":"none","title":"Site-wide promotion","text":"<p>Use this section to promote content throughout every page of your site. Add images for further impact.<\/p>","button_label":"Optional button","button_link":""}}},"block_order":["footer-promotions-0","footer-promotions-1","footer-promotions-2"],"settings":{"hide_homepage":false,"image_size":"wide"}},"footer":{"type":"footer","blocks":{"footer-1":{"type":"menu","settings":{"show_footer_title":false,"menu":"footer-product-menu","container_width":30}},"67763bb3-32ef-4f85-8459-da291935b3ad":{"type":"menu","settings":{"show_footer_title":false,"menu":"footer","container_width":33}},"footer2":{"type":"newsletter","settings":{"show_footer_title":true,"title":"Sign up and save","text":"<p>Subscribe to get special offers, free giveaways, and once-in-a-lifetime deals.<\/p>","container_width":37}}},"block_order":["footer-1","67763bb3-32ef-4f85-8459-da291935b3ad","footer2"],"settings":{"show_locale_selector":true,"show_currency_selector":false,"show_currency_flags":false,"show_payment_icons":false,"show_copyright":false,"copyright_text":""}}},"order":["footer-promotions","footer"]}