{"type":"header","name":"t:sections.header-group.name","sections":{"header":{"type":"header","blocks":{"header-0":{"type":"logo","settings":{"desktop_logo_width":140,"mobile_logo_width":110}}},"block_order":["header-0"],"settings":{"main_menu_link_list":"main-menu","hover_menu":true,"mega_menu_images":true,"main_menu_alignment":"left-center","header_style":"sticky","sticky_index":false,"sticky_collection":false,"toolbar_menu":"","toolbar_social":false,"show_locale_selector":false,"show_currency_selector":false,"show_currency_flags":false}},"announcement":{"type":"announcement","blocks":{"announcement-0":{"type":"announcement","settings":{"text":"FREE AUSTRALIAN SHIPPING","link_text":"On all orders over $149.95","link":""}},"announcement-1":{"type":"announcement","settings":{"text":"AFTERPAY AVAILABLE","link_text":"Shop Now, Pay Later","link":""}},"4c487623-5c06-468b-a3a2-3bb93172ded0":{"type":"announcement","settings":{"text":"FIVE-STAR REVIEWS","link_text":"Thousands of Happy Customers!","link":""}}},"block_order":["announcement-0","announcement-1","4c487623-5c06-468b-a3a2-3bb93172ded0"],"disabled":true,"settings":{"announcement_compact":false}}},"order":["header","announcement"]}