{"sections":{"collection-header":{"type":"collection-header","disabled":true,"settings":{"enable":true,"collection_image_enable":true,"parallax":true,"parallax_direction":"top"}},"promo-grid":{"type":"promo-grid","disabled":true,"blocks":{"banner":{"type":"banner","settings":{"heading":"Banner promotion","text":"Add the details of your promotion in smaller text","link":"","label":"Shop now","color_tint":"#e95454","color_tint_opacity":8,"framed":false}},"advanced":{"type":"advanced","settings":{"subheading":"Limited time","heading":"Announce your promotion","textarea":"Include the smaller details of your promotion in text below the title.","cta_text1":"Shop This","cta_link1":"","cta_text2":"Shop All","cta_link2":"","video_url":"","width":"100","height":500,"text_size":120,"text_align":"vertical-center horizontal-center","color_accent":"rgba(0,0,0,0)","boxed":false,"framed":false}}},"block_order":["banner","advanced"],"settings":{"full_width":false,"gutter_size":20,"space_above":true,"space_below":false,"lazyload_images":true}},"main-collection":{"type":"main-collection","blocks":{"collection_description":{"type":"collection_description","settings":{}},"subcollections":{"type":"subcollections","disabled":true,"settings":{"subcollections_per_row":5}},"product_grid":{"type":"product_grid","settings":{"enable_collection_count":true,"per_row":3,"rows_per_page":7,"mobile_flush_grid":false}}},"block_order":["collection_description","subcollections","product_grid"],"settings":{"enable_sidebar":true,"collapsed":true,"filter_style":"drawer","enable_color_swatches":false,"enable_sort":true}}},"order":["collection-header","promo-grid","main-collection"]}