{"sections":{"slideshow":{"type":"slideshow","blocks":{"slideshow-0":{"type":"image","settings":{"top_subheading":"","title":"Celebrating\nNew Beginnings","title_size":50,"subheading":"Exquisite Birth Books for Cherishing Precious Memories","link":"shopify:\/\/collections\/birth-books","link_text":"Shop Birth Books","link_2":"","link_text_2":"","color_accent":"rgba(0,0,0,0)","text_align":"vertical-center horizontal-left","parallax_direction":"top","overlay_opacity":20}},"slideshow-1":{"type":"image","settings":{"top_subheading":"","title":"","title_size":40,"subheading":"","link":"shopify:\/\/products\/graceful-wings","link_text":"shop now","link_2":"","link_text_2":"","color_accent":"rgba(0,0,0,0)","text_align":"vertical-bottom horizontal-right","parallax_direction":"top","overlay_opacity":10}},"6a4befd9-6b61-4627-8d89-a7eb5ddbaab1":{"type":"image","disabled":true,"settings":{"top_subheading":"","title":"Vendor\ndirectory","title_size":80,"subheading":"Find a Stylist or vendor to welcome home your newborn in style","link":"","link_text":"Search now","link_2":"","link_text_2":"","color_accent":"rgba(0,0,0,0)","text_align":"vertical-bottom horizontal-left","parallax_direction":"top","overlay_opacity":20}}},"block_order":["slideshow-0","slideshow-1","6a4befd9-6b61-4627-8d89-a7eb5ddbaab1"],"disabled":true,"settings":{"section_height":"650px","mobile_height":"300px","parallax":false,"style":"bars","autoplay":true,"autoplay_speed":7,"lazyload_images":true}},"featured_product_4zTWxD":{"type":"featured-product","blocks":{"price_t76dqw":{"type":"price","settings":{}},"description_gT7iY7":{"type":"description","settings":{"is_tab":false}},"variant_picker_VpjePT":{"type":"variant_picker","settings":{"variant_labels":true,"picker_type":"button","product_dynamic_variants_enable":true,"color_swatches":true}},"buy_buttons_Ez7fhV":{"type":"buy_buttons","settings":{"show_dynamic_checkout":true,"surface_pickup_enable":true}}},"block_order":["price_t76dqw","description_gT7iY7","variant_picker_VpjePT","buy_buttons_Ez7fhV"],"settings":{"featured_product":"demo-product","divider":false,"sku_enable":false,"image_position":"left","image_size":"medium","product_zoom_enable":true,"thumbnail_position":"beside","thumbnail_arrows":false,"mobile_layout":"partial","enable_video_looping":true,"product_video_style":"muted"}}},"order":["slideshow","featured_product_4zTWxD"]}