{"sections":{"main":{"type":"main-page","disabled":true,"settings":{}},"rich-text":{"type":"rich-text","disabled":true,"blocks":{"heading":{"type":"heading","disabled":true,"settings":{"title":"Get in touch"}},"text":{"type":"text","settings":{"enlarge_text":false,"text":""}}},"block_order":["heading","text"],"settings":{"align_text":"center","narrow_column":true,"divider":false}},"form":{"type":"contact-form","settings":{"title":"Contact Us","text":"","show_phone":false,"narrow_column":true}}},"order":["main","rich-text","form"]}