{"sections":{"main":{"type":"main-page","disabled":true,"settings":{}},"78ae6197-4c78-4527-870b-caad1c757ab0":{"type":"advanced-content","blocks":{"template--14534671958134__78ae6197-4c78-4527-870b-caad1c757ab0-16853363999f1ad896-0":{"type":"image","settings":{"image":"shopify:\/\/shop_images\/PPC_Promise_08b364aa-ab5e-4897-af05-2953d76268fc.jpg","link":"","width":"100%","alignment":"center"}}},"block_order":["template--14534671958134__78ae6197-4c78-4527-870b-caad1c757ab0-16853363999f1ad896-0"],"settings":{"full_width":false,"space_around":true,"lazyload_images":true}},"ebba8cb0-14ae-45d5-897b-f453c98d79b5":{"type":"text-and-image","settings":{"image":"shopify:\/\/shop_images\/IMG_0505.jpg","image_mask":"landscape","image2_mask":"none","subtitle":"","title":"Luxe Covers","text":"<p>Indulge in the Luxurious Texture of our Velvet-Smooth Book Covers.<\/p><p>Immerse Yourself in the Exquisite Touch of Quality Paper, Thoughtfully Coated for Lasting Durability.<\/p>","button_label":"","button_link":"","button_style":"primary","align_text":"center","image_width":"33","layout":"right","divider":false,"top_padding":false,"bottom_padding":true,"lazyload_images":true}},"f8f1440c-6cea-4536-9d3a-b3f87ab3eadb":{"type":"text-and-image","settings":{"image":"shopify:\/\/shop_images\/IMG_7089.heic","image_mask":"landscape","image2_mask":"none","subtitle":"","title":"Elegant Finishings","text":"<p>Elevate the Glamour Factor with our Opulent Foil Finishes, available in Rich Gold, Shimmering Silver, Vibrant Copper and Enchanting Rose Gold.<\/p>","button_label":"","button_link":"","button_style":"primary","align_text":"center","image_width":"33","layout":"left","divider":false,"top_padding":false,"bottom_padding":true,"lazyload_images":true}},"77c76575-ecb8-4156-b7ab-4545fb605f3c":{"type":"text-and-image","settings":{"image":"shopify:\/\/shop_images\/business_duo.webp","image_mask":"landscape","image2_mask":"none","subtitle":"","title":"Bespoke Designs","text":"<p>Discover Limitless Inspiration in our Vast Collection of 'Original' Designs, or Unleash Your Imagination as We Craft a<br\/>One-of-a-Kind, Tailor-Made Creation Exclusively for You.<\/p>","button_label":"","button_link":"","button_style":"primary","align_text":"center","image_width":"33","layout":"right","divider":false,"top_padding":true,"bottom_padding":true,"lazyload_images":true}},"2056d698-c603-433d-9984-e607b01d3f12":{"type":"text-and-image","settings":{"image":"shopify:\/\/shop_images\/IMG_0504.jpg","image_mask":"landscape","image2_mask":"none","subtitle":"","title":"Quality Printing","text":"<p>Experience the Pinnacle of Printing Excellence as our Cutting-Edge Machinery and Artisan Technicians Unleash Vibrant, Impeccable Colors that Bring Your Book Covers to Life.<\/p>","button_label":"","button_link":"","button_style":"primary","align_text":"center","image_width":"33","layout":"left","divider":false,"top_padding":false,"bottom_padding":true,"lazyload_images":true}},"55a611ec-8e9c-4570-8fcb-d3218678c2cf":{"type":"text-and-image","settings":{"image":"shopify:\/\/shop_images\/IMG_0509.jpg","image_mask":"landscape","image2_mask":"none","subtitle":"","title":"Original Keepsakes","text":"<p>Treasure Your Priceless Memories with our Range of Keepsake Books, Preserving Precious Moments for a Lifetime.<\/p>","button_label":"","button_link":"","button_style":"primary","align_text":"center","image_width":"33","layout":"right","divider":false,"top_padding":true,"bottom_padding":true,"lazyload_images":true}},"6b862f9e-a527-40c6-b690-c2241cad9d80":{"type":"text-and-image","settings":{"image":"shopify:\/\/shop_images\/IMG_0507_3939a4a1-5d1e-43fd-b187-5264e3081053.jpg","image_mask":"landscape","image2_mask":"none","subtitle":"","title":"Love it Guaranteed","text":"<p>We have absolute confidence in the exceptional quality of our products, and we're certain you'll adore them! However, if by any chance you find yourself unsatisfied, please don't hesitate to get in touch with us. Your satisfaction is our utmost priority.<\/p>","button_label":"","button_link":"","button_style":"primary","align_text":"center","image_width":"33","layout":"left","divider":false,"top_padding":false,"bottom_padding":true,"lazyload_images":true}}},"order":["main","78ae6197-4c78-4527-870b-caad1c757ab0","ebba8cb0-14ae-45d5-897b-f453c98d79b5","f8f1440c-6cea-4536-9d3a-b3f87ab3eadb","77c76575-ecb8-4156-b7ab-4545fb605f3c","2056d698-c603-433d-9984-e607b01d3f12","55a611ec-8e9c-4570-8fcb-d3218678c2cf","6b862f9e-a527-40c6-b690-c2241cad9d80"]}