{"sections":{"main":{"type":"main-page","disabled":true,"settings":{}},"faq":{"type":"faq","blocks":{"faq-0":{"type":"rich-text","settings":{"title":"ORDERING","text":"","align_text":"left"}},"cd495d80-0478-4fe3-8ecf-2747bd9a71fb":{"type":"question","settings":{"title":"How do I order a set of books?","text":"<p><em>Simple. Browse our range of personalised books online and select the design you want to purchase. Complete the required fields and also make sure to add any ‘additional instructions’ that may help us when completing your order. Select your shipping method, complete checkout and wait for your beautiful books to arrive.<\/em><\/p>"}},"faq-1":{"type":"question","settings":{"title":"How long will my order take?","text":"<p><em>Normal turn around time for production of your books is 2 weeks for our 'set' designs or 2-3 weeks for our 'custom' orders. You must then allow time for shipping.<\/em><\/p>"}},"faq-2":{"type":"question","settings":{"title":"I need my order urgently. Do you offer a 'Rush' Service?","text":"<p><em>Yes we do. We offer a ‘Rush Service’ which will see your books completed and shipped within 3-4 business days. If you are making changes to the design or ordering a ‘custom’ set of books, it will be 3-4 business days once your design has been finalised and signed off. Please note that 'Custom' orders are rarely open for a rush option so please plan ahead if you want to order a custom set and design from scratch.<\/em><\/p>"}},"778f5338-62e6-403c-9d81-aea992095c3b":{"type":"question","settings":{"title":"Frequently asked question","text":"<p><em>Use this text to answer questions in as much detail as possible for your customers.<\/em><\/p>"}},"faq-3":{"type":"rich-text","settings":{"title":"DESIGN PROCESS","text":"","align_text":"left"}},"faq-4":{"type":"question","settings":{"title":"How does the 'set design' process work?","text":"<p><em>A 'set design' is classified as any design available to purchase on our website. We have a range of designs available and we are adding to this collection weekly. Once you find a design that you love, simply enter all the details required. The design will remain exactly the same as you see online however all your details will be entered in place. The style, colours, fonts and set wording for birth books will all remain the same unless you have added any additional instructions explaining you would like to change something.<\/em><\/p>"}},"106d42c3-b832-4aaf-9739-4a67539c4f1b":{"type":"question","settings":{"title":"What if I want to make a change to the design?","text":"<p><em>That’s fine. If the change you are wanting to make is small we can do that for you without having to order a complete ‘custom’ set of books. Example; you want to change the wording for the books but still maintain style and colours, or you wish to change the font colours or book colours and can easily describe that to us in the ‘additional instructions’ section, we are more than happy to accommodate your needs within our set designs. Please note that you will not receive a mock design to approve if you request changes on our set designs. We will make the changes according to your instructions.<\/em><\/p>"}},"26bcc4aa-2e86-4c4f-8868-6ad36d766484":{"type":"question","settings":{"title":"How does the 'custom' order process work?","text":"<p><em>The custom order process is for people who want full control over the finished design. The process is simple; Order your books, provide as much information as you can in the 'additional instructions' field that will help us start your design, ie colours, fonts, styles etc. Once we get started on the design we will email you or send a text message with a draft mock up of your design and continue liaising with you until you are happy with the finished product.<\/em><\/p>"}},"d4352fe1-2dca-49d8-a6de-db048111e875":{"type":"rich-text","settings":{"title":"PRODUCT INFO","text":"","align_text":"left"}},"26d0e867-ad6e-4462-9740-ba59b7098072":{"type":"question","settings":{"title":"How are the books made?","text":"<p><em>We design the dust covers to wrap around our books. Each cover is designed, printed and coated to provide ultimate protection for your display books.<\/em><\/p>"}},"786f9d98-575e-428b-8f56-81b98a306df7":{"type":"question","settings":{"title":"What is inside the books?","text":"<p><em>Our books are plain white empty books. This means you can use the books for whatever you please. The pages are plain white with no lines. We do have an option to include a 'baby milestone' book for our birth sets which replaces the middle book in the stack. This is perfect for capturing all those special milestones and memories.<\/em><\/p>"}},"2ece2af6-2af1-4b8a-b652-977cfb6592c6":{"type":"question","settings":{"title":"What is foil print?","text":"<p><em>Foil print is a shiny metallic finish to your text. Please click here to view more information on our foiling process and what you can expect if you choose to have this as an add-on.<\/em><\/p>"}},"680768f2-73e0-4aa3-b4c3-a940572fe983":{"type":"rich-text","settings":{"title":"DELIVERY","text":"","align_text":"left"}},"6a661276-69a5-40e2-9de2-706b59c8c180":{"type":"question","settings":{"title":"What delivery options do you offer for Australia?","text":"<p><em>We offer FREE standard shipping Australia wide for orders over $149.95.<\/em><\/p><p><em>A flat rate shipping fee of $12.95 applies for all orders under $149.95.<\/em><\/p><p><em>We also offer Express post shipping Australia wide which is $25.00 per set of books. This is due to the weight of the products.<\/em><\/p>"}},"d306fa0b-a7e1-4b16-9c7d-7b296119ef91":{"type":"question","settings":{"title":"Do you ship Internationally?","text":"<p><em>Yes we do. We had to close our international orders due the covid and the delays we faced however we are now shipping internationally again and we are now using DHL express which is a 'door to door' service.<\/em><\/p>"}},"69cfbedd-94e6-4c6c-b702-b30a0e1dd5c5":{"type":"rich-text","settings":{"title":"PAYMENTS","text":"","align_text":"left"}},"93fe78ce-a7c1-464f-887c-dcba8c071ded":{"type":"question","settings":{"title":"What payment methods do you accept?","text":"<p><em>We accept payment from debit or credit cards - VISA, Mastercard, American Express, as well as payments made by PayPal, AfterPay, Zip Pay and Shop Pay.<\/em><\/p>"}},"7fbc11d0-8827-4608-a78b-f3c861080796":{"type":"question","settings":{"title":"What currency are your products listed in?","text":"<p><em>All of our products are listed and sold in Australian Dollars (AUD).<\/em><\/p>"}},"1cebe1b9-a3b8-4498-b4d8-797988d79f60":{"type":"question","settings":{"title":"Do you sell gift certificates?","text":"<p><em>Yes we do! To buy one of personalised gift certificates, please click here. Please note, our gift certificate is a physical item that requires shipping.<\/em><\/p>"}},"bc165e56-ae6c-4774-b810-322409b4a40f":{"type":"question","settings":{"title":"I've lost my gift certificate, can I get a replacement?","text":"<p><em>Yes you can, if you send us an email at hello@perfectprintco.com.au we’ll be able to advise you further on this.<\/em><\/p>"}},"2157b96d-e2a9-4c11-aa9e-44672d8ff6d2":{"type":"question","settings":{"title":"Can I return a gift certificate?","text":"<p><em>No, our gift certificates are non-refundable.<\/em><\/p>"}},"68aa21d9-6d90-4d0e-bce4-7c39ec9602b7":{"type":"question","settings":{"title":"How long do I have to use my gift certificate?","text":"<p><em>Your gift certificate is valid for 12 months from the date of purchase. If your used by date has passed, please reach out to us, we would hate for anyone to miss out.<\/em><\/p>"}},"ebb60462-fe70-4142-b44c-fb43eb2a8f62":{"type":"question","settings":{"title":"My gift certificate code didn't work?","text":"<p><em>Firstly, check that you’re entering the voucher code exactly as it appears (case sensitive) and check that the code is still in date and has not expired. If it’s still not working, please email us at hello@perfectprintco.com.au and our team will be able to advise you further.<\/em><\/p>"}},"b3ce7955-b8bb-4d86-8ee8-ea6869965ac4":{"type":"rich-text","settings":{"title":"NOTIFICATIONS","text":"","align_text":"left"}},"09e917a3-f070-4ba6-b4cd-b98b0e02ebfe":{"type":"question","settings":{"title":"Where is my order notification?","text":"<p><em>Once you’ve placed an order with us you’ll receive an email to the address provided. If you did you not receive an email, please check your spam \/ junk folder and double check you entered your email address correctly. If you still haven’t received one after 36 hours, please contact us and we’ll be able to advise you further.<\/em><\/p>"}},"007f61d9-de21-4944-885e-cf49c3f000ad":{"type":"question","settings":{"title":"I haven't received any updates on my order?","text":"<p><em>For standard orders, you may not hear from us until your order has been dispatched. This can be as long as 2 weeks from time of purchase. For custom orders, or orders where you have requested a mock design, you will hear from us closer to your dispatch date<\/em><\/p>"}},"4ab74155-b0db-41a6-8f87-133d26f0e2cd":{"type":"question","settings":{"title":"How do I unsubscribe from your newsletter?","text":"<p><em>Click unsubscribe at the bottom of any newsletter or email your receive from us, alternatively email us at hello@perfectprintco.com.au and we can remove your information from our database completely. Keep in mind, we run giveaways every month and the winner is drawn from our current subscriber list so if you want to be in the running to win a $100.00 voucher every month, stay subscribed.<\/em><\/p>"}},"418e745e-fda4-41ba-bb8d-2c4f91e028e5":{"type":"rich-text","settings":{"title":"ACCOUNT","text":"","align_text":"left"}},"b3a374ee-278c-4bef-b3ed-8e97d666c4a2":{"type":"question","settings":{"title":"Do I need to set up an account to make an order?","text":"<p><em>No, if you do not want to set up an account with us we have the option to checkout as a guest. All you'll need is your contact and shipping information!<\/em><\/p>"}},"aae2c90c-7b3d-4887-9542-700a2a3ab97d":{"type":"question","settings":{"title":"I'm having trouble signing in to my account, what should I do?","text":"<p><em>Oh no! Please try resetting your password initially. If this still doesn't work please contact us at hello@perfectprintco.com.au and we'll try and help!<\/em><\/p>"}},"5637396b-77f3-462d-9c5e-c1cf5b7a00e6":{"type":"question","settings":{"title":"How do I reset my password?","text":"<p><em>If you can't remember your password, you'll need to follow the steps on the 'login' page and we'll send you an email to reset your password.<\/em><\/p>"}},"151d6fe1-1dbe-434f-b3ff-4366a0ebc8ac":{"type":"question","settings":{"title":"Is my personal information kept private?","text":"<p><em>Yes, in accordance with the Data protection Laws and Regulations, we promise to keep your information private and secure. To read more about our privacy policy please see here.<\/em><\/p>"}},"21d4092b-26ba-40d4-a682-5bfb2644abd0":{"type":"question","settings":{"title":"How can I remove my personal information from your database?","text":"<p><em>If you would like all information regarding yourself removed from our Perfect Print Co database, please email us at hello@perfectprintco.com.au<\/em><\/p>"}}},"block_order":["faq-0","cd495d80-0478-4fe3-8ecf-2747bd9a71fb","faq-1","faq-2","778f5338-62e6-403c-9d81-aea992095c3b","faq-3","faq-4","106d42c3-b832-4aaf-9739-4a67539c4f1b","26bcc4aa-2e86-4c4f-8868-6ad36d766484","d4352fe1-2dca-49d8-a6de-db048111e875","26d0e867-ad6e-4462-9740-ba59b7098072","786f9d98-575e-428b-8f56-81b98a306df7","2ece2af6-2af1-4b8a-b652-977cfb6592c6","680768f2-73e0-4aa3-b4c3-a940572fe983","6a661276-69a5-40e2-9de2-706b59c8c180","d306fa0b-a7e1-4b16-9c7d-7b296119ef91","69cfbedd-94e6-4c6c-b702-b30a0e1dd5c5","93fe78ce-a7c1-464f-887c-dcba8c071ded","7fbc11d0-8827-4608-a78b-f3c861080796","1cebe1b9-a3b8-4498-b4d8-797988d79f60","bc165e56-ae6c-4774-b810-322409b4a40f","2157b96d-e2a9-4c11-aa9e-44672d8ff6d2","68aa21d9-6d90-4d0e-bce4-7c39ec9602b7","ebb60462-fe70-4142-b44c-fb43eb2a8f62","b3ce7955-b8bb-4d86-8ee8-ea6869965ac4","09e917a3-f070-4ba6-b4cd-b98b0e02ebfe","007f61d9-de21-4944-885e-cf49c3f000ad","4ab74155-b0db-41a6-8f87-133d26f0e2cd","418e745e-fda4-41ba-bb8d-2c4f91e028e5","b3a374ee-278c-4bef-b3ed-8e97d666c4a2","aae2c90c-7b3d-4887-9542-700a2a3ab97d","5637396b-77f3-462d-9c5e-c1cf5b7a00e6","151d6fe1-1dbe-434f-b3ff-4366a0ebc8ac","21d4092b-26ba-40d4-a682-5bfb2644abd0"],"settings":{"title":""}}},"order":["main","faq"]}