{"sections":{"main":{"type":"main-product","blocks":{"price":{"type":"price","settings":{}},"text_wfXT67":{"type":"text","settings":{"text":"Setting the bar as one of the loudest speakers in its class, the Kilburn is a compact, stout-hearted hero with a well-balanced audio which boasts a clear midrange and extended highs for a sound."}},"variant_picker_RLzPB7":{"type":"variant_picker","settings":{"variant_labels":true,"picker_type":"button","product_dynamic_variants_enable":true,"color_swatches":true}},"quantity_selector_EGpdQr":{"type":"quantity_selector","settings":{}},"separator":{"type":"separator","settings":{}},"description":{"type":"description","disabled":true,"settings":{"is_tab":false}},"c1e614dc-9b9d-4c15-9e47-4f25395ec5ad":{"type":"buy_buttons","settings":{"show_dynamic_checkout":false,"surface_pickup_enable":false}},"sales_point_CRHbMQ":{"type":"sales_point","settings":{"icon":"globe","text":"SKU : SS001"}},"sales_point_3NqNkC":{"type":"sales_point","settings":{"icon":"globe","text":"Category : Sofas"}},"sales_point_8VCdwU":{"type":"sales_point","settings":{"icon":"globe","text":"Tags : {{ product.vendor }}"}},"share":{"type":"share","settings":{}}},"block_order":["price","text_wfXT67","variant_picker_RLzPB7","quantity_selector_EGpdQr","separator","description","c1e614dc-9b9d-4c15-9e47-4f25395ec5ad","sales_point_CRHbMQ","sales_point_3NqNkC","sales_point_8VCdwU","share"],"custom_css":[],"settings":{"sku_enable":false,"image_position":"left","image_size":"medium","product_zoom_enable":true,"thumbnail_position":"beside","thumbnail_height":"flexible","thumbnail_arrows":true,"mobile_layout":"partial","enable_video_looping":true,"product_video_style":"muted"}},"judgeme_section_review_widget_6249":{"type":"apps","settings":{"full_width":false,"space_around":true}},"sub":{"type":"product-full-width","disabled":true,"settings":{"max_width":true}},"background-image-text":{"type":"background-image-text","disabled":true,"settings":{"subtitle":"Impressive","title":"About your brand","text":"<p>Pair large text with a full-width image to draw attention to an important detail of your brand or product line.<\/p>","button_label":"","button_link":"","layout":"left","height":550,"framed":false,"parallax":false,"parallax_direction":"top","lazyload_images":true}},"text-and-image":{"type":"text-and-image","disabled":true,"settings":{"image_mask":"none","image2_mask":"none","subtitle":"","title":"About your brand","text":"<p>Pair large text with an image to tell a story, explain a detail about your product, or describe a new promotion.<\/p>","button_label":"","button_link":"","button_style":"primary","align_text":"left","image_width":"50","layout":"right","divider":false,"top_padding":true,"bottom_padding":true,"lazyload_images":true}},"text-and-image2":{"type":"text-and-image","disabled":true,"settings":{"image_mask":"none","image2_mask":"none","subtitle":"","title":"About your brand","text":"<p>Pair large text with an image to tell a story, explain a detail about your product, or describe a new promotion.<\/p>","button_label":"","button_link":"","button_style":"primary","align_text":"left","image_width":"50","layout":"left","divider":false,"top_padding":true,"bottom_padding":true,"lazyload_images":true}},"testimonials":{"type":"testimonials","blocks":{"testimonials-0":{"type":"testimonial","settings":{"icon":"5-stars","testimonial":"<p>Add customer reviews and testimonials to showcase your store’s happy customers.<\/p>","author":"Author's name","author_info":"Los Angeles, CA"}},"testimonials-1":{"type":"testimonial","settings":{"icon":"5-stars","testimonial":"<p>Add customer reviews and testimonials to showcase your store’s happy customers.<\/p>","author":"Author's name","author_info":"Los Angeles, CA"}},"testimonials-2":{"type":"testimonial","settings":{"icon":"5-stars","testimonial":"<p>Add customer reviews and testimonials to showcase your store’s happy customers.<\/p>","author":"Author's name","author_info":"Los Angeles, CA"}}},"block_order":["testimonials-0","testimonials-1","testimonials-2"],"disabled":true,"settings":{"title":"Testimonials","align_text":"center","round_images":true,"color_background":"#f9f9f9","color_text":"#1c1d1d"}},"custom_tabs_6irgJW":{"type":"custom-tabs","settings":{"tab_1_heading":"Description","tab_2_heading":"Additional Information","tab_3_heading":"Reviews","tab_2_content":"Additional information goes here.","tab_3_content":"Reviews will be shown here.","text":"Free shipping and returns","link":"","text_size":70,"text_spacing":true,"direction":"left","speed":200}},"product-recommendations":{"type":"product-recommendations","settings":{"product_recommendations_heading":"RELATED PRODUCTS","related_count":3,"products_per_row":3}},"recently-viewed":{"type":"recently-viewed","settings":{"recent_count":5}},"collection-return":{"type":"collection-return","disabled":true,"settings":{}}},"order":["main","judgeme_section_review_widget_6249","sub","background-image-text","text-and-image","text-and-image2","testimonials","custom_tabs_6irgJW","product-recommendations","recently-viewed","collection-return"]}